drift description,tree size,after accuracy decrease precentage,faulty node index,faulty feature,fix accuracy increase precentage
acute-inflammation__NumericFeature[f5;-2std],7,25.0,6,,0.0
acute-inflammation__NumericFeature[f5;-1std],7,25.0,6,,0.0
acute-inflammation__NumericFeature[f5;+1std],7,33.333333333333336,2,f5,12.5
acute-inflammation__NumericFeature[f5;+2std],7,33.333333333333336,2,f5,12.5
acute-inflammation__NumericFeature[f4;-2std],7,50.0,0,f4,54.16666666666667
acute-inflammation__NumericFeature[f4;+2std],7,16.666666666666664,5,,20.833333333333336
acute-inflammation__NumericFeature[f6;-2std],7,33.333333333333336,3,f6,12.5
acute-inflammation__NumericFeature[f6;-1std],7,33.333333333333336,3,f6,12.5
acute-nephritis__NumericFeature[f3;-2std],5,33.333333333333336,2,f3,41.666666666666664
acute-nephritis__NumericFeature[f3;-1std],5,33.333333333333336,2,f3,41.666666666666664
acute-nephritis__NumericFeature[f1;-2std],5,33.333333333333336,0,f1,41.666666666666664
analcatdata_boxing1__NumericFeature[Round;+0.5std],15,16.666666666666664,3,,12.499999999999995
analcatdata_boxing1__NumericFeature[Round;+2std],15,16.666666666666664,10,,-8.333333333333337
analcatdata_lawsuit__NumericFeature[CAP;-2std],3,42.307692307692314,1,,61.53846153846154
analcatdata_lawsuit__NumericFeature[CAP;-1std],3,23.076923076923084,1,,25.0
annealing__NumericFeature[f12;-2std],27,22.47191011235955,13,f8,-0.5586592178770999
annealing__NumericFeature[f12;-1std],27,22.47191011235955,13,f8,-0.5586592178770999
annealing__NumericFeature[f22;-2std],27,21.34831460674157,13,f8,-2.7932960893854775
annealing__NumericFeature[f22;-1std],27,21.34831460674157,13,f8,-2.7932960893854775
annealing__NumericFeature[f4;+0.5std],27,75.28089887640449,23,,64.80446927374301
annealing__NumericFeature[f4;+1std],27,76.40449438202246,2,f4,70.39106145251397
annealing__NumericFeature[f4;+2std],27,77.52808988764043,2,f4,70.39106145251397
annealing__NumericFeature[f1;-2std],27,73.03370786516854,1,,64.80446927374301
annealing__NumericFeature[f1;-1std],27,71.91011235955057,1,,64.80446927374301
annealing__NumericFeature[f1;-0.5std],27,71.91011235955057,1,,56.98324022346368
audiology-std__NumericFeature[f57;+1std],43,47.368421052631575,1,f15,0.0
audiology-std__NumericFeature[f57;+2std],43,52.63157894736842,1,f15,0.0
audiology-std__NumericFeature[f2;-2std],43,15.78947368421052,1,f15,0.0
audiology-std__NumericFeature[f2;-1std],43,15.78947368421052,1,f15,0.0
audiology-std__NumericFeature[f2;-0.5std],43,15.78947368421052,1,f15,0.0
audiology-std__NumericFeature[f2;+2std],43,15.78947368421052,1,f15,0.0
audiology-std__NumericFeature[f48;-2std],43,10.526315789473683,1,f15,0.0
audiology-std__NumericFeature[f48;+2std],43,21.052631578947366,1,f15,0.0
audiology-std__NumericFeature[f15;+2std],43,47.368421052631575,0,f1,0.0
audiology-std__NumericFeature[f3;+2std],43,15.78947368421052,1,f15,0.0
audiology-std__NumericFeature[f1;-2std],43,15.78947368421052,0,f1,41.02564102564102
audiology-std__NumericFeature[f1;-1std],43,15.78947368421052,0,f1,12.82051282051282
audiology-std__NumericFeature[f1;+1std],43,47.368421052631575,0,f1,38.46153846153846
audiology-std__NumericFeature[f1;+2std],43,52.63157894736842,0,f1,38.46153846153846
bank__NumericFeature[f12;+2std],7,52.212389380530965,8,,36.946902654867266
bodyfat__NumericFeature[Density;-2std],3,56.00000000000001,0,Density,38.0
bodyfat__NumericFeature[Density;-1std],3,40.0,1,,0.0
bodyfat__NumericFeature[Density;-0.5std],3,31.999999999999996,1,,0.0
bodyfat__NumericFeature[Density;+1std],3,28.000000000000004,2,,0.0
bodyfat__NumericFeature[Density;+2std],3,40.0,2,,0.0
"braziltourism__CategoricalFeature[Active=4;p=0,3]",3,17.07317073170731,6,,20.731707317073166
"braziltourism__CategoricalFeature[Active=4;p=0,5]",3,31.707317073170728,6,,31.70731707317073
"braziltourism__CategoricalFeature[Active=4;p=0,7]",3,41.46341463414634,6,,36.58536585365854
"braziltourism__CategoricalFeature[Active=4;p=0,9]",3,43.90243902439024,6,,41.463414634146346
breast-cancer-wisc-diag__NumericFeature[f23;+0.5std],19,12.5,8,f26,0.8849557522123908
breast-cancer-wisc-diag__NumericFeature[f23;+1std],19,16.07142857142857,8,f26,1.7699115044247815
breast-cancer-wisc-diag__NumericFeature[f23;+2std],19,19.64285714285714,16,,-28.318584070796454
breast-cancer-wisc-diag__NumericFeature[f28;-2std],19,17.85714285714286,14,,17.699115044247794
breast-cancer-wisc-diag__NumericFeature[f28;+2std],19,21.42857142857143,12,,11.504424778761058
breast-cancer-wisc__NumericFeature[f6;+1std],5,56.52173913043479,1,f6,59.71223021582735
breast-cancer-wisc__NumericFeature[f6;+2std],5,56.52173913043479,1,f6,59.71223021582735
breast-cancer-wisc__NumericFeature[f2;+1std],5,56.52173913043479,0,f2,59.71223021582735
breast-cancer-wisc__NumericFeature[f2;+2std],5,56.52173913043479,0,f2,59.71223021582735
car__NumericFeature[f2;-2std],59,15.116279069767435,4,f1,0.0
car__NumericFeature[f6;-2std],59,23.83720930232558,2,f6,16.231884057971012
car__NumericFeature[f6;-1std],59,16.860465116279066,4,f1,0.0
car__NumericFeature[f6;+1std],59,19.186046511627907,2,f6,14.782608695652177
car__NumericFeature[f6;+2std],59,22.67441860465116,2,f6,19.42028985507247
car__NumericFeature[f4;-2std],59,23.83720930232558,2,f6,0.0
car__NumericFeature[f4;-1std],59,11.046511627906973,11,f5,0.0
car__NumericFeature[f4;+1std],59,17.441860465116278,6,f2,0.0
car__NumericFeature[f4;+2std],59,16.860465116279066,6,f2,0.0
car__NumericFeature[f1;-2std],59,11.627906976744185,4,f1,11.304347826086946
car__NumericFeature[f1;+2std],59,16.279069767441857,4,f1,11.884057971014494
caradiotocography10clases__NumericFeature[f5;-2std],39,19.339622641509436,3,f2,0.0
caradiotocography10clases__NumericFeature[f5;-1std],39,11.32075471698113,3,f2,0.0
caradiotocography10clases__NumericFeature[f5;+1std],39,39.15094339622641,0,f2,-0.23529411764705577
caradiotocography10clases__NumericFeature[f5;+2std],39,39.15094339622641,0,f2,-0.23529411764705577
caradiotocography10clases__NumericFeature[f8;+2std],39,15.566037735849058,11,f8,5.647058823529405
caradiotocography10clases__NumericFeature[f2;-2std],39,36.32075471698113,1,f5,0.0
caradiotocography10clases__NumericFeature[f2;-1std],39,15.094339622641506,1,f5,0.0
caradiotocography10clases__NumericFeature[f2;+0.5std],39,28.77358490566038,17,,13.647058823529418
caradiotocography10clases__NumericFeature[f2;+1std],39,28.77358490566038,0,f2,38.11764705882353
caradiotocography10clases__NumericFeature[f2;+2std],39,28.77358490566038,0,f2,38.11764705882353
caradiotocography10clases__NumericFeature[f7;+2std],39,25.47169811320754,3,f2,4.470588235294127
caradiotocography10clases__NumericFeature[f11;+2std],39,10.849056603773588,9,f11,13.411764705882344
cardiotocography3clases__NumericFeature[f8;+2std],41,16.0377358490566,18,f8,5.882352941176472
cardiotocography3clases__NumericFeature[f7;+2std],41,24.52830188679245,10,,21.41176470588235
cardiotocography3clases__NumericFeature[f18;-2std],41,21.22641509433962,3,,-29.176470588235297
cardiotocography3clases__NumericFeature[f19;+2std],41,15.094339622641506,14,,18.823529411764707
chatfield_4__NumericFeature[col_11;-2std],5,30.43478260869564,1,,0.0
chatfield_4__NumericFeature[col_11;-1std],5,21.739130434782606,1,,0.0
chatfield_4__NumericFeature[col_11;-0.5std],5,13.043478260869556,3,,-2.127659574468077
chatfield_4__NumericFeature[col_12;-2std],5,34.78260869565217,3,,19.14893617021277
chatfield_4__NumericFeature[col_12;-1std],5,26.086956521739125,3,,6.382978723404264
chscase_vine1__NumericFeature[col_7;+1std],9,20.000000000000007,6,col_1,9.999999999999998
chscase_vine1__NumericFeature[col_7;+2std],9,20.000000000000007,6,col_1,9.999999999999998
chscase_vine1__NumericFeature[col_1;-2std],9,60.00000000000001,0,col_1,30.000000000000004
chscase_vine1__NumericFeature[col_1;-1std],9,40.0,1,col_1,19.999999999999996
chscase_vine1__NumericFeature[col_1;-0.5std],9,20.000000000000007,1,col_1,0.0
credit-approval__NumericFeature[f9;-2std],5,42.02898550724638,0,f9,38.405797101449274
credit-approval__NumericFeature[f9;-1std],5,42.02898550724638,0,f9,0.0
credit-approval__NumericFeature[f9;+1std],5,34.78260869565217,0,f9,0.0
credit-approval__NumericFeature[f9;+2std],5,34.78260869565217,0,f9,29.71014492753623
credit-approval__NumericFeature[f4;+1std],5,11.594202898550732,6,,12.318840579710145
credit-approval__NumericFeature[f4;+2std],5,11.594202898550732,6,,12.318840579710145
dermatology__NumericFeature[f5;+1std],17,25.0,3,f5,17.808219178082197
dermatology__NumericFeature[f5;+2std],17,25.0,3,f5,17.808219178082197
dermatology__NumericFeature[f12;-2std],17,11.111111111111105,11,,0.0
dermatology__NumericFeature[f12;+1std],17,41.666666666666664,1,f12,45.205479452054796
dermatology__NumericFeature[f12;+2std],17,41.666666666666664,1,f12,45.205479452054796
dermatology__NumericFeature[f22;-2std],17,22.22222222222222,11,,0.0
dermatology__NumericFeature[f22;+0.5std],17,47.22222222222222,15,,0.0
dermatology__NumericFeature[f22;+1std],17,47.22222222222222,15,,0.0
dermatology__NumericFeature[f22;+2std],17,47.22222222222222,15,,0.0
dermatology__NumericFeature[f15;+1std],17,72.22222222222221,0,f22,0.0
dermatology__NumericFeature[f15;+2std],17,72.22222222222221,0,f22,0.0
dermatology__NumericFeature[f26;+1std],17,19.444444444444443,5,f26,15.068493150684937
dermatology__NumericFeature[f26;+2std],17,19.444444444444443,5,f26,15.068493150684937
diggle_table_a2__NumericFeature[col_6;-2std],3,38.70967741935484,1,,0.0
diggle_table_a2__NumericFeature[col_6;-1std],3,32.25806451612904,1,,0.0
diggle_table_a2__NumericFeature[col_6;+0.5std],3,19.354838709677423,2,,0.0
diggle_table_a2__NumericFeature[col_6;+1std],3,35.483870967741936,2,,0.0
diggle_table_a2__NumericFeature[col_6;+2std],3,58.06451612903225,0,col_6,38.70967741935484
echocardiogram__NumericFeature[f10;-2std],3,15.384615384615385,4,,0.0
echocardiogram__NumericFeature[f10;+2std],3,69.23076923076923,0,f10,57.692307692307686
ecoli__NumericFeature[f6;-2std],11,30.303030303030297,2,f1,0.0
ecoli__NumericFeature[f6;-1std],11,24.242424242424242,2,f1,0.0
ecoli__NumericFeature[f6;-0.5std],11,12.121212121212121,4,,-1.4925373134328401
ecoli__NumericFeature[f6;+1std],11,18.181818181818176,9,,0.0
ecoli__NumericFeature[f6;+2std],11,54.54545454545454,9,,13.432835820895523
ecoli__NumericFeature[f1;+1std],11,15.151515151515149,4,,2.985074626865669
ecoli__NumericFeature[f1;+2std],11,48.484848484848484,0,f6,0.0
ecoli__NumericFeature[f2;-2std],11,15.151515151515149,4,,7.462686567164178
ecoli__NumericFeature[f2;+2std],11,36.36363636363637,5,f5,-1.4925373134328346
elusage__NumericFeature[average_temperature;-2std],7,40.0,0,average_temperature,45.45454545454545
elusage__NumericFeature[average_temperature;-1std],7,20.000000000000007,1,average_temperature,9.090909090909093
elusage__NumericFeature[average_temperature;+1std],7,20.000000000000007,1,average_temperature,0.0
elusage__NumericFeature[average_temperature;+2std],7,20.000000000000007,0,average_temperature,27.27272727272728
energy-y1__NumericFeature[f2;-2std],59,61.8421052631579,0,f2,40.52287581699346
energy-y1__NumericFeature[f2;-1std],59,39.473684210526315,1,f7,0.0
energy-y1__NumericFeature[f2;-0.5std],59,18.42105263157895,25,f2,0.0
energy-y1__NumericFeature[f2;+0.5std],59,14.473684210526317,15,f7,0.0
energy-y1__NumericFeature[f2;+1std],59,28.947368421052634,15,f7,0.0
energy-y1__NumericFeature[f2;+2std],59,35.526315789473685,0,f2,34.64052287581699
energy-y1__NumericFeature[f7;-2std],59,19.736842105263154,8,f4,0.0
energy-y1__NumericFeature[f7;-1std],59,13.157894736842103,48,f6,0.0
energy-y1__NumericFeature[f7;+2std],59,17.105263157894733,21,f4,0.0
energy-y1__NumericFeature[f3;-0.5std],59,10.526315789473683,14,f7,0.0
energy-y1__NumericFeature[f3;+0.5std],59,10.526315789473683,16,f3,0.0
energy-y1__NumericFeature[f3;+1std],59,14.473684210526317,16,f3,-1.9607843137254832
energy-y1__NumericFeature[f3;+2std],59,15.78947368421052,16,f3,-3.9215686274509776
energy-y1__NumericFeature[f1;-2std],59,13.157894736842103,3,f1,3.9215686274509776
energy-y1__NumericFeature[f1;-1std],59,10.526315789473683,24,f1,0.0
energy-y2__NumericFeature[f2;-2std],57,60.526315789473685,0,f2,39.869281045751634
energy-y2__NumericFeature[f2;-1std],57,35.526315789473685,3,f7,0.0
energy-y2__NumericFeature[f2;-0.5std],57,17.105263157894733,3,f7,0.0
energy-y2__NumericFeature[f2;+0.5std],57,15.78947368421052,33,f8,0.0
energy-y2__NumericFeature[f2;+1std],57,22.368421052631582,31,,5.882352941176472
energy-y2__NumericFeature[f2;+2std],57,26.315789473684205,29,,0.0
energy-y2__NumericFeature[f7;-2std],57,17.105263157894733,1,f3,0.0
energy-y2__NumericFeature[f7;-0.5std],57,10.526315789473683,9,,5.228758169934644
energy-y2__NumericFeature[f3;+1std],57,11.842105263157887,1,f3,15.032679738562093
energy-y2__NumericFeature[f3;+2std],57,11.842105263157887,1,f3,15.032679738562093
heart-hungarian__NumericFeature[f11;+2std],19,17.24137931034483,16,,8.62068965517241
heart-hungarian__NumericFeature[f6;+2std],19,20.6896551724138,4,f5,0.0
horse-colic__NumericFeature[f23;-2std],19,27.77777777777778,5,f14,0.0
horse-colic__NumericFeature[f23;-1std],19,27.77777777777778,5,f14,0.0
horse-colic__NumericFeature[f23;-0.5std],19,27.77777777777778,5,f14,0.0
horse-colic__NumericFeature[f12;+2std],19,19.444444444444454,4,,30.136986301369863
horse-colic__NumericFeature[f22;-2std],19,11.111111111111116,2,f12,0.0
horse-colic__NumericFeature[f22;-1std],19,11.111111111111116,2,f12,0.0
horse-colic__NumericFeature[f22;-0.5std],19,11.111111111111116,2,f12,0.0
horse-colic__NumericFeature[f1;-2std],19,11.111111111111116,13,,2.73972602739726
horse-colic__NumericFeature[f1;-1std],19,11.111111111111116,13,,2.73972602739726
horse-colic__NumericFeature[f1;+2std],19,30.555555555555557,3,f22,-4.109589041095885
image-segmentation__NumericFeature[f2;-2std],55,20.346320346320347,9,f18,0.0
image-segmentation__NumericFeature[f2;-1std],55,19.913419913419915,9,f18,0.0
image-segmentation__NumericFeature[f2;-0.5std],55,14.28571428571429,9,f18,0.0
image-segmentation__NumericFeature[f2;+0.5std],55,10.822510822510822,37,,4.978354978354971
image-segmentation__NumericFeature[f2;+1std],55,31.16883116883117,37,,6.060606060606066
image-segmentation__NumericFeature[f2;+2std],55,54.112554112554115,2,f14,0.6493506493506496
image-segmentation__NumericFeature[f11;-2std],55,14.28571428571429,23,,10.389610389610382
image-segmentation__NumericFeature[f11;-1std],55,13.85281385281385,23,,9.740259740259749
image-segmentation__NumericFeature[f11;+2std],55,11.255411255411252,4,f11,9.090909090909083
image-segmentation__NumericFeature[f18;-2std],55,45.45454545454546,0,f2,-0.8658008658008698
image-segmentation__NumericFeature[f18;-1std],55,32.03463203463204,1,f10,0.0
image-segmentation__NumericFeature[f18;-0.5std],55,24.242424242424242,9,f18,8.441558441558438
image-segmentation__NumericFeature[f18;+0.5std],55,16.883116883116887,6,f15,0.43290043290042934
image-segmentation__NumericFeature[f18;+1std],55,18.181818181818187,3,f18,6.060606060606055
image-segmentation__NumericFeature[f18;+2std],55,21.212121212121215,3,f18,3.6796536796536827
image-segmentation__NumericFeature[f14;-2std],55,15.151515151515149,37,,12.121212121212121
image-segmentation__NumericFeature[f14;+2std],55,13.85281385281385,2,f14,14.069264069264076
image-segmentation__NumericFeature[f10;-2std],55,18.181818181818187,19,f2,-0.649350649350644
image-segmentation__NumericFeature[f10;-1std],55,13.41991341991342,19,f2,-0.43290043290042934
image-segmentation__NumericFeature[f10;+0.5std],55,11.255411255411252,19,f2,0.0
image-segmentation__NumericFeature[f10;+1std],55,27.27272727272727,24,,0.0
image-segmentation__NumericFeature[f10;+2std],55,27.27272727272727,24,,0.0
ionosphere__NumericFeature[f4;-2std],5,37.142857142857146,0,f4,42.857142857142854
ionosphere__NumericFeature[f4;-1std],5,14.28571428571428,1,,0.0
ionosphere__NumericFeature[f26;-2std],5,17.14285714285714,2,f26,-8.571428571428562
ionosphere__NumericFeature[f26;-1std],5,17.14285714285714,2,f26,2.857142857142858
ionosphere__NumericFeature[f26;-0.5std],5,17.14285714285714,2,f26,0.0
ionosphere__NumericFeature[f26;+0.5std],5,14.28571428571428,4,,0.0
ionosphere__NumericFeature[f26;+1std],5,22.857142857142854,4,,21.42857142857142
ionosphere__NumericFeature[f26;+2std],5,31.428571428571427,4,,45.71428571428571
iris__NumericFeature[f4;+0.5std],13,20.000000000000007,6,f2,3.3333333333333437
iris__NumericFeature[f4;+1std],13,26.66666666666667,3,f4,30.000000000000004
iris__NumericFeature[f4;+2std],13,26.66666666666667,3,f4,30.000000000000004
iris__NumericFeature[f3;-2std],13,60.00000000000001,0,f3,50.0
iris__NumericFeature[f3;-1std],13,20.000000000000007,8,,6.666666666666665
iris__NumericFeature[f3;-0.5std],13,13.33333333333333,8,,6.666666666666665
iris__NumericFeature[f3;+0.5std],13,33.333333333333336,2,f3,3.3333333333333326
iris__NumericFeature[f3;+1std],13,60.00000000000001,0,f3,30.0
iris__NumericFeature[f3;+2std],13,60.00000000000001,0,f3,30.0
low-res-spect__NumericFeature[f29;-2std],59,41.509433962264154,0,f25,-0.9433962264150941
low-res-spect__NumericFeature[f29;-1std],59,28.301886792452834,55,f8,12.264150943396235
low-res-spect__NumericFeature[f25;+2std],59,16.981132075471706,36,,-0.9433962264150941
low-res-spect__NumericFeature[f50;-2std],59,37.735849056603776,0,f25,0.9433962264150941
low-res-spect__NumericFeature[f50;-1std],59,20.75471698113208,37,,3.7735849056603765
low-res-spect__NumericFeature[f75;-2std],59,41.509433962264154,0,f25,0.0
low-res-spect__NumericFeature[f75;-1std],59,18.867924528301895,11,,13.20754716981133
low-res-spect__NumericFeature[f79;+1std],59,18.867924528301895,36,,6.6037735849056585
low-res-spect__NumericFeature[f79;+2std],59,41.509433962264154,0,f25,0.0
lowbwt__NumericFeature[LWT;-1std],7,11.111111111111105,2,LWT,0.0
lowbwt__NumericFeature[LOW;-2std],7,33.33333333333333,0,LOW,24.32432432432432
lowbwt__NumericFeature[LOW;-1std],7,33.33333333333333,0,LOW,0.0
lowbwt__NumericFeature[LOW;+1std],7,27.777777777777768,0,LOW,0.0
lowbwt__NumericFeature[LOW;+2std],7,27.777777777777768,0,LOW,35.13513513513513
mammographic__NumericFeature[f5;+1std],17,23.958333333333336,2,f4,0.0
mammographic__NumericFeature[f5;+2std],17,25.0,2,f4,0.0
mammographic__NumericFeature[f4;-2std],17,20.833333333333336,5,,14.583333333333337
mammographic__NumericFeature[f1;-2std],17,21.875,7,,-16.145833333333336
mammographic__NumericFeature[f1;-1std],17,21.875,7,,-16.145833333333336
mfeat-morphological__NumericFeature[att6;-2std],17,21.999999999999996,3,,-46.0
mfeat-morphological__NumericFeature[att6;+0.5std],17,11.5,1,att3,0.0
mfeat-morphological__NumericFeature[att6;+1std],17,11.5,1,att3,0.0
mfeat-morphological__NumericFeature[att6;+2std],17,11.5,1,att3,0.0
mfeat-morphological__NumericFeature[att3;+2std],17,11.5,1,att3,7.750000000000002
molec-biol-splice__NumericFeature[f32;-2std],57,15.36050156739812,23,f21,-0.15673981191222097
molec-biol-splice__NumericFeature[f32;-1std],57,15.36050156739812,23,f21,-0.15673981191222097
molec-biol-splice__NumericFeature[f32;-0.5std],57,15.36050156739812,23,f21,-0.15673981191222097
molec-biol-splice__NumericFeature[f28;-1std],57,12.225705329153602,17,f28,7.053291536050155
molec-biol-splice__NumericFeature[f28;-0.5std],57,12.225705329153602,17,f28,7.053291536050155
molec-biol-splice__NumericFeature[f28;+0.5std],57,13.793103448275868,27,,12.225705329153602
molec-biol-splice__NumericFeature[f28;+1std],57,13.793103448275868,27,,12.225705329153602
molec-biol-splice__NumericFeature[f29;+0.5std],57,23.197492163009404,11,f29,0.7836990595611271
molec-biol-splice__NumericFeature[f29;+1std],57,23.197492163009404,11,f29,0.7836990595611271
molec-biol-splice__NumericFeature[f29;+2std],57,23.197492163009404,11,f29,0.7836990595611271
molec-biol-splice__NumericFeature[f30;-2std],57,25.705329153605017,3,f30,13.479623824451403
molec-biol-splice__NumericFeature[f30;-1std],57,27.27272727272727,3,f30,14.10658307210031
molec-biol-splice__NumericFeature[f30;+1std],57,21.630094043887148,10,f30,14.10658307210031
molec-biol-splice__NumericFeature[f30;+2std],57,21.630094043887148,3,f30,1.0971786833855801
molec-biol-splice__NumericFeature[f31;-2std],57,16.300940438871482,2,f31,16.927899686520377
molec-biol-splice__NumericFeature[f31;-1std],57,18.181818181818187,2,f31,18.65203761755485
molec-biol-splice__NumericFeature[f31;-0.5std],57,18.181818181818187,2,f31,0.0
molec-biol-splice__NumericFeature[f31;+0.5std],57,18.49529780564263,8,f29,0.0
molec-biol-splice__NumericFeature[f31;+1std],57,18.49529780564263,8,f29,0.0
molec-biol-splice__NumericFeature[f31;+2std],57,19.749216300940443,2,f31,3.9184952978056464
molec-biol-splice__NumericFeature[f35;+0.5std],57,10.344827586206895,7,f35,-0.15673981191222097
molec-biol-splice__NumericFeature[f35;+1std],57,10.344827586206895,7,f35,-0.15673981191222097
molec-biol-splice__NumericFeature[f35;+2std],57,10.971786833855802,7,f35,0.6269592476489061
monks-1__NumericFeature[f5;-2std],51,30.909090909090907,1,,0.0
monks-1__NumericFeature[f5;-1std],51,25.454545454545453,4,f2,0.0
monks-1__NumericFeature[f5;-0.5std],51,23.636363636363633,4,f2,0.0
monks-1__NumericFeature[f5;+0.5std],51,16.36363636363636,17,f5,0.0
monks-1__NumericFeature[f5;+1std],51,12.72727272727272,17,f5,0.0
monks-1__NumericFeature[f5;+2std],51,16.36363636363636,4,f2,0.0
monks-1__NumericFeature[f2;-2std],51,32.72727272727273,3,f2,15.315315315315313
monks-1__NumericFeature[f2;-1std],51,27.27272727272727,11,f1,0.0
monks-1__NumericFeature[f2;+1std],51,30.909090909090907,2,f1,0.0
monks-1__NumericFeature[f2;+2std],51,34.54545454545455,2,f1,0.0
monks-1__NumericFeature[f1;-2std],51,23.636363636363633,23,f1,14.414414414414411
monks-1__NumericFeature[f1;-1std],51,30.909090909090907,2,f1,4.504504504504503
monks-1__NumericFeature[f1;-0.5std],51,34.54545454545455,2,f1,7.2072072072072
monks-1__NumericFeature[f1;+0.5std],51,36.36363636363637,11,f1,0.0
monks-1__NumericFeature[f1;+1std],51,40.0,2,f1,9.009009009009006
monks-1__NumericFeature[f1;+2std],51,36.36363636363637,2,f1,9.909909909909908
monks-3__NumericFeature[f5;-2std],27,18.181818181818176,14,f5,0.0
monks-3__NumericFeature[f5;-1std],27,16.36363636363636,6,,4.545454545454552
monks-3__NumericFeature[f5;-0.5std],27,19.999999999999996,15,,-0.9090909090909038
monks-3__NumericFeature[f5;+1std],27,36.36363636363637,15,,-0.9090909090909038
monks-3__NumericFeature[f5;+2std],27,43.63636363636364,14,f5,0.0
monks-3__NumericFeature[f2;-2std],27,29.09090909090909,1,f2,15.454545454545453
monks-3__NumericFeature[f2;-1std],27,29.09090909090909,1,f2,13.636363636363635
monks-3__NumericFeature[f2;-0.5std],27,29.09090909090909,1,f2,13.636363636363635
monks-3__NumericFeature[f2;+1std],27,27.27272727272727,3,f5,0.0
monks-3__NumericFeature[f2;+2std],27,41.81818181818182,1,f2,41.81818181818182
"newton_hema__CategoricalFeature[id=5;p=0,3]",3,14.28571428571429,0,id,-21.428571428571423
"newton_hema__CategoricalFeature[id=8;p=0,3]",3,14.28571428571429,0,id,-50.0
"newton_hema__CategoricalFeature[id=8;p=0,5]",3,14.28571428571429,0,id,-57.14285714285714
"newton_hema__CategoricalFeature[id=8;p=0,7]",3,14.28571428571429,0,id,-50.0
"newton_hema__CategoricalFeature[id=8;p=0,9]",3,14.28571428571429,0,id,-28.571428571428577
"newton_hema__CategoricalFeature[id=10;p=0,3]",3,14.28571428571429,0,id,-21.428571428571423
"newton_hema__CategoricalFeature[id=10;p=0,5]",3,14.28571428571429,0,id,-14.285714285714285
"newton_hema__CategoricalFeature[id=10;p=0,7]",3,14.28571428571429,0,id,-28.571428571428577
"newton_hema__CategoricalFeature[id=10;p=0,9]",3,14.28571428571429,0,id,-21.428571428571423
"newton_hema__CategoricalFeature[id=9;p=0,3]",3,14.28571428571429,0,id,-50.0
"newton_hema__CategoricalFeature[id=9;p=0,5]",3,14.28571428571429,0,id,-57.14285714285714
"newton_hema__CategoricalFeature[id=9;p=0,7]",3,14.28571428571429,0,id,-50.0
"newton_hema__CategoricalFeature[id=9;p=0,9]",3,14.28571428571429,0,id,-42.85714285714286
"newton_hema__CategoricalFeature[id=2;p=0,5]",3,21.428571428571434,0,id,-57.14285714285714
"newton_hema__CategoricalFeature[id=2;p=0,7]",3,21.428571428571434,0,id,-50.0
"newton_hema__CategoricalFeature[id=2;p=0,9]",3,14.28571428571429,0,id,-35.714285714285715
"newton_hema__CategoricalFeature[id=4;p=0,3]",3,14.28571428571429,0,id,-21.428571428571423
oocytes_merluccius_states_2f__NumericFeature[f7;+1std],21,13.725490196078438,19,,13.235294117647067
oocytes_merluccius_states_2f__NumericFeature[f7;+2std],21,29.41176470588236,19,,26.960784313725494
oocytes_merluccius_states_2f__NumericFeature[f19;+0.5std],21,12.745098039215685,1,f11,-0.9803921568627416
oocytes_merluccius_states_2f__NumericFeature[f19;+1std],21,12.745098039215685,1,f11,-0.9803921568627416
oocytes_merluccius_states_2f__NumericFeature[f19;+2std],21,12.745098039215685,1,f11,-0.9803921568627416
oocytes_trisopterus_states_5b__NumericFeature[f30;+1std],17,24.17582417582418,2,,0.0
oocytes_trisopterus_states_5b__NumericFeature[f30;+2std],17,47.252747252747255,0,f30,40.659340659340664
oocytes_trisopterus_states_5b__NumericFeature[f27;+0.5std],17,20.879120879120883,12,,24.17582417582418
oocytes_trisopterus_states_5b__NumericFeature[f27;+1std],17,37.362637362637365,12,,37.91208791208791
oocytes_trisopterus_states_5b__NumericFeature[f27;+2std],17,40.65934065934066,6,f27,32.96703296703297
oocytes_trisopterus_states_5b__NumericFeature[f9;-2std],17,42.85714285714286,1,f14,0.0
oocytes_trisopterus_states_5b__NumericFeature[f9;-1std],17,38.46153846153847,8,,30.219780219780223
oocytes_trisopterus_states_5b__NumericFeature[f9;-0.5std],17,15.384615384615385,8,,7.692307692307699
oocytes_trisopterus_states_5b__NumericFeature[f14;-2std],17,24.17582417582418,3,f9,0.0
oocytes_trisopterus_states_5b__NumericFeature[f14;-1std],17,20.879120879120883,3,f9,0.0
oocytes_trisopterus_states_5b__NumericFeature[f14;-0.5std],17,17.582417582417587,13,,9.340659340659341
parkinsons__NumericFeature[f22;-2std],3,21.052631578947366,1,,0.0
parkinsons__NumericFeature[f22;+0.5std],3,21.052631578947366,2,,0.0
parkinsons__NumericFeature[f22;+1std],3,31.578947368421055,0,f22,0.0
parkinsons__NumericFeature[f22;+2std],3,31.578947368421055,0,f22,0.0
pittsburg-bridges-MATERIAL__NumericFeature[f4;-2std],5,70.0,0,f3,0.0
pittsburg-bridges-MATERIAL__NumericFeature[f4;-1std],5,40.0,3,,33.333333333333336
pittsburg-bridges-MATERIAL__NumericFeature[f3;-2std],5,60.0,1,,47.61904761904762
prnn_synth__NumericFeature[xs;-2std],13,24.0,3,,24.0
prnn_synth__NumericFeature[xs;-1std],13,20.000000000000007,3,,19.999999999999996
prnn_synth__NumericFeature[ys;-2std],13,32.00000000000001,0,ys,26.0
rabe_131__NumericFeature[col_1;-2std],3,80.0,0,col_1,40.0
rabe_131__NumericFeature[col_1;-1std],3,19.999999999999996,1,,-9.999999999999998
rabe_131__NumericFeature[col_1;-0.5std],3,19.999999999999996,1,,-9.999999999999998
rabe_131__NumericFeature[col_1;+1std],3,19.999999999999996,1,,-20.000000000000007
rabe_131__NumericFeature[col_1;+2std],3,19.999999999999996,1,,0.0
schlvote__NumericFeature[budget;-2std],3,33.33333333333333,0,budget,0.0
seeds__NumericFeature[f5;-2std],15,19.047619047619047,1,,0.0
seeds__NumericFeature[f5;+1std],15,33.33333333333333,7,,14.28571428571429
seeds__NumericFeature[f5;+2std],15,52.38095238095237,5,f5,14.28571428571429
seeds__NumericFeature[f7;-1std],15,19.047619047619047,5,f5,2.3809523809523836
seeds__NumericFeature[f7;+2std],15,19.047619047619047,2,f7,19.047619047619047
seeds__NumericFeature[f6;-2std],15,14.28571428571428,13,,9.523809523809524
socmob__NumericFeature[counts_for_sons_first_occupation;+0.5std],11,36.52173913043478,0,counts_for_sons_first_occupation,27.705627705627712
socmob__NumericFeature[counts_for_sons_first_occupation;+1std],11,36.52173913043478,0,counts_for_sons_first_occupation,44.15584415584416
socmob__NumericFeature[counts_for_sons_first_occupation;+2std],11,36.52173913043478,0,counts_for_sons_first_occupation,43.29004329004329
soybean__NumericFeature[f32;+2std],59,11.764705882352944,3,f8,0.0
soybean__NumericFeature[f22;-2std],59,10.29411764705882,3,f8,0.0
soybean__NumericFeature[f22;+2std],59,14.70588235294118,3,f8,0.0
soybean__NumericFeature[f14;+0.5std],59,11.764705882352944,3,f8,0.0
soybean__NumericFeature[f14;+1std],59,14.70588235294118,3,f8,0.0
soybean__NumericFeature[f14;+2std],59,20.588235294117652,3,f8,0.0
soybean__NumericFeature[f18;+1std],59,13.235294117647056,3,f8,0.0
soybean__NumericFeature[f18;+2std],59,19.11764705882353,3,f8,0.0
soybean__NumericFeature[f24;+1std],59,10.29411764705882,2,f24,11.764705882352944
soybean__NumericFeature[f24;+2std],59,13.235294117647056,47,,0.0
soybean__NumericFeature[f28;+1std],59,23.52941176470588,0,f13,0.0
soybean__NumericFeature[f28;+2std],59,23.52941176470588,0,f13,0.0
soybean__NumericFeature[f26;+1std],59,14.70588235294118,9,,-1.4705882352941124
soybean__NumericFeature[f26;+2std],59,27.941176470588236,0,f13,0.0
soybean__NumericFeature[f13;-2std],59,29.411764705882355,15,f28,0.0
soybean__NumericFeature[f13;-1std],59,11.764705882352944,15,f28,0.0
soybean__NumericFeature[f13;-0.5std],59,11.764705882352944,15,f28,0.0
soybean__NumericFeature[f13;+0.5std],59,22.058823529411764,3,f8,0.0
soybean__NumericFeature[f13;+1std],59,22.058823529411764,3,f8,0.0
soybean__NumericFeature[f13;+2std],59,39.705882352941174,3,f8,0.0
soybean__NumericFeature[f35;+0.5std],59,14.70588235294118,3,f8,0.0
soybean__NumericFeature[f35;+1std],59,27.941176470588236,0,f13,0.0
soybean__NumericFeature[f35;+2std],59,27.941176470588236,0,f13,0.0
spect__NumericFeature[f22;-2std],3,15.384615384615385,0,f22,1.8867924528301883
spect__NumericFeature[f22;-1std],3,15.384615384615385,0,f22,3.7735849056603876
spect__NumericFeature[f22;+1std],3,34.61538461538462,0,f22,28.301886792452834
spect__NumericFeature[f22;+2std],3,38.46153846153847,0,f22,52.830188679245296
statlog-image__NumericFeature[f2;-2std],57,13.85281385281385,36,f18,0.0
statlog-image__NumericFeature[f2;-1std],57,13.85281385281385,36,f18,0.0
statlog-image__NumericFeature[f2;+0.5std],57,13.85281385281385,53,,4.978354978354971
statlog-image__NumericFeature[f2;+1std],57,30.303030303030308,52,f9,-2.3809523809523836
statlog-image__NumericFeature[f2;+2std],57,48.484848484848484,52,f9,-2.3809523809523836
statlog-image__NumericFeature[f11;-2std],57,16.883116883116887,37,,10.606060606060607
statlog-image__NumericFeature[f11;-1std],57,16.01731601731602,37,,8.658008658008665
statlog-image__NumericFeature[f11;+1std],57,16.883116883116887,56,,0.0
statlog-image__NumericFeature[f11;+2std],57,57.14285714285714,56,,0.0
statlog-image__NumericFeature[f18;-2std],57,54.54545454545454,1,f18,13.636363636363635
statlog-image__NumericFeature[f18;-1std],57,40.692640692640694,4,f10,0.0
statlog-image__NumericFeature[f18;-0.5std],57,32.467532467532465,4,f10,0.0
statlog-image__NumericFeature[f18;+0.5std],57,17.748917748917748,43,f5,-0.21645021645021467
statlog-image__NumericFeature[f18;+1std],57,20.346320346320347,43,f5,-0.21645021645022577
statlog-image__NumericFeature[f18;+2std],57,64.5021645021645,1,f18,50.43290043290043
statlog-image__NumericFeature[f15;+2std],57,12.987012987012992,41,f15,13.41991341991342
statlog-image__NumericFeature[f9;-2std],57,16.45021645021645,52,f9,15.151515151515149
statlog-image__NumericFeature[f9;-1std],57,16.45021645021645,52,f9,12.98701298701298
statlog-image__NumericFeature[f9;+1std],57,12.121212121212121,42,f9,12.554112554112551
statlog-image__NumericFeature[f9;+2std],57,12.121212121212121,42,f9,12.337662337662337
statlog-image__NumericFeature[f10;+1std],57,13.41991341991342,38,f18,0.21645021645021467
statlog-image__NumericFeature[f10;+2std],57,13.41991341991342,38,f18,0.21645021645021467
synthetic-control__NumericFeature[f4;-2std],39,11.666666666666659,9,,0.0
synthetic-control__NumericFeature[f4;+1std],39,19.999999999999996,2,f53,-0.8333333333333415
synthetic-control__NumericFeature[f4;+2std],39,64.99999999999999,2,f53,-0.8333333333333359
synthetic-control__NumericFeature[f44;+2std],39,13.33333333333333,16,f44,11.66666666666667
synthetic-control__NumericFeature[f18;+2std],39,11.666666666666659,7,f18,10.833333333333329
synthetic-control__NumericFeature[f25;+2std],39,14.999999999999991,5,f25,15.000000000000002
synthetic-control__NumericFeature[f55;-2std],39,44.99999999999999,12,f19,0.8333333333333415
synthetic-control__NumericFeature[f55;-1std],39,14.999999999999991,12,f19,0.8333333333333304
synthetic-control__NumericFeature[f55;+0.5std],39,14.999999999999991,19,,0.0
synthetic-control__NumericFeature[f55;+1std],39,28.333333333333332,19,,-1.6666666666666607
synthetic-control__NumericFeature[f55;+2std],39,35.0,19,,0.0
synthetic-control__NumericFeature[f26;+2std],39,14.999999999999991,8,f26,8.333333333333325
synthetic-control__NumericFeature[f54;-2std],39,28.333333333333332,4,f54,23.33333333333333
synthetic-control__NumericFeature[f54;-1std],39,25.0,5,f25,0.0
synthetic-control__NumericFeature[f54;+1std],39,14.999999999999991,27,f54,0.0
synthetic-control__NumericFeature[f54;+2std],39,14.999999999999991,27,f54,0.0
synthetic-control__NumericFeature[f16;-2std],39,11.666666666666659,10,f16,8.333333333333337
synthetic-control__NumericFeature[f21;+2std],39,11.666666666666659,6,f21,10.833333333333329
tic-tac-toe__NumericFeature[f5;-2std],49,21.052631578947366,3,,0.0
tic-tac-toe__NumericFeature[f5;-1std],49,21.052631578947366,3,,0.0
tic-tac-toe__NumericFeature[f5;+2std],49,26.315789473684216,48,,4.712041884816753
tic-tac-toe__NumericFeature[f7;-2std],49,10.526315789473683,24,f4,0.0
tic-tac-toe__NumericFeature[f7;+2std],49,16.842105263157904,16,f8,0.0
tic-tac-toe__NumericFeature[f9;-2std],49,17.894736842105264,29,,-0.5235602094240899
tic-tac-toe__NumericFeature[f9;+2std],49,14.73684210526316,47,,-0.5235602094240788
tic-tac-toe__NumericFeature[f3;+2std],49,14.73684210526316,36,f3,4.712041884816753
tic-tac-toe__NumericFeature[f1;-2std],49,13.684210526315788,23,f1,5.759162303664922
tic-tac-toe__NumericFeature[f1;+2std],49,15.789473684210531,13,f1,7.853403141361248
transplant__NumericFeature[e;+0.5std],7,30.76923076923077,2,e,-7.692307692307687
transplant__NumericFeature[e;+1std],7,61.53846153846154,2,e,0.0
transplant__NumericFeature[e;+2std],7,84.61538461538461,0,e,26.923076923076923
vertebral-column-2clases__NumericFeature[f6;-2std],9,32.25806451612903,1,f5,-3.2258064516129057
vertebral-column-2clases__NumericFeature[f6;-1std],9,22.580645161290324,1,f5,-3.2258064516129115
"vote__CategoricalFeature[physician-fee-freeze=1;p=0,3]",29,11.627906976744185,7,education-spending,-1.1494252873563315
"vote__CategoricalFeature[physician-fee-freeze=1;p=0,5]",29,16.279069767441868,7,education-spending,-2.298850574712641
"vote__CategoricalFeature[physician-fee-freeze=1;p=0,7]",29,16.279069767441868,7,education-spending,-2.298850574712652
"vote__CategoricalFeature[physician-fee-freeze=1;p=0,9]",29,20.93023255813954,7,education-spending,-2.298850574712641
"vote__CategoricalFeature[physician-fee-freeze=2;p=0,3]",29,11.627906976744185,28,,-1.1494252873563204
"vote__CategoricalFeature[physician-fee-freeze=2;p=0,5]",29,16.279069767441868,28,,-1.1494252873563204
"vote__CategoricalFeature[physician-fee-freeze=2;p=0,7]",29,23.25581395348838,24,superfund-right-to-sue,0.0
"vote__CategoricalFeature[physician-fee-freeze=2;p=0,9]",29,30.23255813953488,4,synfuels-corporation-cutback,0.0
"vote__CategoricalFeature[physician-fee-freeze=0;p=0,5]",29,20.93023255813954,7,education-spending,2.298850574712641
"vote__CategoricalFeature[physician-fee-freeze=0;p=0,7]",29,23.25581395348838,7,education-spending,5.747126436781613
"vote__CategoricalFeature[physician-fee-freeze=0;p=0,9]",29,23.25581395348838,19,,10.344827586206895
wall-following__NumericFeature[f12;-2std],41,50.64220183486239,2,f19,0.0
wall-following__NumericFeature[f12;-1std],41,40.36697247706422,2,f19,-0.2749770852429001
wall-following__NumericFeature[f12;-0.5std],41,21.834862385321095,5,f12,0.6416131989000928
wall-following__NumericFeature[f18;-2std],41,43.11926605504587,14,f18,3.1164069660861604
wall-following__NumericFeature[f18;-1std],41,41.467889908256886,14,f18,16.13198900091659
wall-following__NumericFeature[f18;-0.5std],41,36.88073394495412,14,f18,30.2474793767186
wall-following__NumericFeature[f15;-2std],41,38.899082568807344,1,,0.0
wall-following__NumericFeature[f15;-1std],41,34.678899082568805,1,,0.0
wall-following__NumericFeature[f15;-0.5std],41,26.97247706422018,1,,0.0
wall-following__NumericFeature[f15;+0.5std],41,19.08256880733945,15,f20,-0.18331805682859637
wall-following__NumericFeature[f15;+1std],41,19.08256880733945,15,f20,-0.18331805682859637
wall-following__NumericFeature[f15;+2std],41,19.08256880733945,15,f20,-0.18331805682859637
wall-following__NumericFeature[f14;-2std],41,33.211009174311926,11,,22.9147571035747
wall-following__NumericFeature[f14;-1std],41,30.825688073394495,11,,21.53987167736021
wall-following__NumericFeature[f14;-0.5std],41,27.155963302752294,11,,18.515123739688367
wall-following__NumericFeature[f20;-2std],41,41.8348623853211,6,f18,0.0
wall-following__NumericFeature[f20;-1std],41,37.43119266055046,6,f18,0.0
wall-following__NumericFeature[f20;-0.5std],41,34.678899082568805,13,,27.772685609532534
wall-following__NumericFeature[f19;-2std],41,41.28440366972477,3,f12,-0.7332722273143855
wall-following__NumericFeature[f19;-1std],41,36.69724770642202,3,f12,-0.7332722273143966
wall-following__NumericFeature[f19;-0.5std],41,36.146788990825684,3,f12,-1.0082493125572856
wine__NumericFeature[f10;-2std],9,17.647058823529406,2,,5.714285714285716
wine__NumericFeature[f10;-1std],9,17.647058823529406,2,,-2.857142857142847
wine__NumericFeature[f5;-2std],9,11.764705882352933,4,f1,-5.714285714285716
wine__NumericFeature[f12;-2std],9,11.764705882352933,3,,0.0
wine__NumericFeature[f12;+1std],9,23.529411764705877,4,f1,-8.571428571428575
wine__NumericFeature[f12;+2std],9,35.29411764705882,0,f12,20.000000000000007
wine__NumericFeature[f1;-2std],9,17.647058823529406,4,f1,11.428571428571432
zoo__NumericFeature[f2;-2std],15,19.999999999999996,9,f8,0.0
zoo__NumericFeature[f2;+2std],15,30.000000000000004,1,f2,40.0
zoo__NumericFeature[f12;-2std],15,19.999999999999996,7,f14,0.0
zoo__NumericFeature[f4;-2std],15,50.0,9,f8,0.0
zoo__NumericFeature[f4;-1std],15,50.0,9,f8,0.0
zoo__NumericFeature[f4;+1std],15,50.0,0,f4,0.0
zoo__NumericFeature[f4;+2std],15,50.0,0,f4,60.00000000000001
TOTAL,31.584221748400854,26.43265559124773,N/A,N/A,7.364775111541425
